language,n,repetition,time_seconds,memory_mb
Python,50,1,0.046400,0.0796
Python,50,2,0.032448,0.0746
Python,50,3,0.033803,0.0745
Python,50,4,0.032243,0.0745
Python,50,5,0.030199,0.0745
Python,100,1,0.324711,0.3066
Python,100,2,0.258796,0.3050
Python,100,3,0.265367,0.3050
Python,100,4,0.232067,0.3050
Python,100,5,0.257097,0.3050
Python,200,1,2.546695,1.2266
Python,200,2,1.736916,1.2266
Python,200,3,1.850844,1.2266
Python,200,4,2.136897,1.2266
Python,200,5,2.243577,1.2266
Python,300,1,8.181736,2.7588
Python,300,2,24.981627,2.7588
Python,300,3,28.805555,2.7588
Python,300,4,17.406858,2.7588
Python,300,5,10.346220,2.7588
Python,400,1,29.199280,4.9010
Python,400,2,28.645848,4.9010
Python,400,3,30.969115,4.9010
Python,400,4,28.596047,4.9010
Python,400,5,53.536412,4.9010
Java,50,1,0.000784,0.4402
Java,50,2,0.000632,0.0802
Java,50,3,0.000658,0.0214
Java,50,4,0.000292,0.0299
Java,50,5,0.000331,0.0221
Java,100,1,0.001687,0.0844
Java,100,2,0.001699,0.0898
Java,100,3,0.001666,0.0833
Java,100,4,0.001654,0.0835
Java,100,5,0.001716,0.0860
Java,200,1,0.013070,0.3312
Java,200,2,0.012614,0.3260
Java,200,3,0.011708,0.3266
Java,200,4,0.011098,0.3245
Java,200,5,0.010687,0.3259
Java,300,1,0.037220,0.7082
Java,300,2,0.036036,0.7473
Java,300,3,0.035885,0.7471
Java,300,4,0.035073,1.3480
Java,300,5,0.035283,0.7061
Java,400,1,0.097716,1.2474
Java,400,2,0.100627,1.5699
Java,400,3,0.095720,1.2487
Java,400,4,0.094255,1.3063
Java,400,5,0.097005,1.2707
Java,500,1,0.216116,2.0000
Java,500,2,0.224134,2.0000
Java,500,3,0.260725,2.0000
Java,500,4,0.372497,2.0000
Java,500,5,0.342312,2.0000
Java,600,1,0.364318,2.8094
Java,600,2,0.847958,2.8506
Java,600,3,0.420483,2.8055
Java,600,4,0.494268,3.0000
Java,600,5,0.468648,2.9536
Java,800,1,1.141564,5.0528
Java,800,2,0.956654,5.0347
Java,800,3,0.833073,5.0000
Java,800,4,1.742656,4.9612
Java,800,5,1.108897,5.0343
Java,1000,1,2.001284,7.8982
Java,1000,2,2.137150,7.7222
Java,1000,3,1.848939,7.7878
Java,1000,4,2.359666,8.0000
Java,1000,5,2.286232,8.0000
Java,50,1,0.000783,0.4402
Java,50,2,0.000741,0.0802
Java,50,3,0.000668,0.0214
Java,50,4,0.000297,0.0299
Java,50,5,0.000322,0.0221
Java,100,1,0.001869,0.0844
Java,100,2,0.001868,0.0898
Java,100,3,0.001850,0.0833
Java,100,4,0.001866,0.0835
Java,100,5,0.001858,0.0860
Java,200,1,0.013822,0.3312
Java,200,2,0.012814,0.3260
Java,200,3,0.012432,0.3266
Java,200,4,0.012019,0.3245
Java,200,5,0.011329,0.3259
Java,300,1,0.037415,0.7082
Java,300,2,0.036611,0.7473
Java,300,3,0.037829,0.7471
Java,300,4,0.037437,1.3480
Java,300,5,0.036046,0.7061
Java,400,1,0.106488,1.2474
Java,400,2,0.100411,1.5699
Java,400,3,0.100085,1.2487
Java,400,4,0.093531,1.3063
Java,400,5,0.093145,1.2707
Java,500,1,0.251968,2.0000
Java,500,2,0.259177,2.0000
Java,500,3,0.311128,1.9413
Java,500,4,0.377285,2.0000
Java,500,5,0.355703,2.0000
Java,600,1,0.498547,2.8750
Java,600,2,0.470827,2.8523
Java,600,3,0.395684,2.8576
Java,600,4,0.434282,3.0000
Java,600,5,0.525946,2.8916
Java,800,1,1.236002,5.0445
Java,800,2,1.052835,5.0370
Java,800,3,0.884583,5.0000
Java,800,4,1.678775,5.1040
Java,800,5,2.584130,5.1071
Java,1000,1,2.192685,7.7286
Java,1000,2,2.470448,7.7119
Java,1000,3,2.223723,7.9137
Java,1000,4,1.927651,7.7697
Java,1000,5,2.809588,7.7617
C,50,1,0.001581,0.0572
C,50,2,0.001240,0.0572
C,50,3,0.000467,0.0572
C,50,4,0.000463,0.0572
C,50,5,0.000467,0.0572
C,100,1,0.003804,0.2289
C,100,2,0.003185,0.2289
C,100,3,0.003301,0.2289
C,100,4,0.003264,0.2289
C,100,5,0.003191,0.2289
C,200,1,0.025418,0.9155
C,200,2,0.033017,0.9155
C,200,3,0.032086,0.9155
C,200,4,0.038500,0.9155
C,200,5,0.038766,0.9155
C,300,1,0.131286,2.0599
C,300,2,0.127448,2.0599
C,300,3,0.119054,2.0599
C,300,4,0.123881,2.0599
C,300,5,0.144761,2.0599
C,400,1,0.329411,3.6621
C,400,2,0.377189,3.6621
C,400,3,0.464356,3.6621
C,400,4,0.484735,3.6621
C,400,5,0.424907,3.6621
C,500,1,0.795855,5.7220
C,500,2,0.690579,5.7220
C,500,3,0.697224,5.7220
C,500,4,0.592523,5.7220
C,500,5,0.565204,5.7220
C,600,1,1.096502,8.2397
C,600,2,1.114429,8.2397
C,600,3,1.366335,8.2397
C,600,4,1.413570,8.2397
C,600,5,1.649056,8.2397
C,800,1,2.366366,14.6484
C,800,2,2.882605,14.6484
C,800,3,3.010657,14.6484
C,800,4,2.550751,14.6484
C,800,5,2.605148,14.6484
C,1000,1,14.170702,22.8882
C,1000,2,5.605031,22.8882
C,1000,3,5.721289,22.8882
C,1000,4,5.191173,22.8882
C,1000,5,7.953586,22.8882
