language,n,median,q25,q75,iqr
C,50,0.000467,0.000467,0.00124,0.000773
C,100,0.003264,0.003191,0.003301,0.00011000000000000029
C,200,0.033017,0.032086,0.0385,0.006413999999999996
C,300,0.127448,0.123881,0.131286,0.007405000000000009
C,400,0.424907,0.377189,0.464356,0.087167
C,500,0.690579,0.592523,0.697224,0.10470099999999993
C,600,1.366335,1.114429,1.41357,0.2991410000000001
C,800,2.605148,2.550751,2.882605,0.33185399999999987
C,1000,5.721289,5.605031,7.953586,2.3485549999999993
Java,50,0.000645,0.00032425,0.00072275,0.0003985
Java,100,0.001783,0.0016899999999999999,0.001864,0.0001740000000000001
Java,200,0.0122255,0.01142375,0.012764000000000001,0.0013402500000000012
Java,300,0.0363285,0.03592275,0.03736625,0.0014434999999999934
Java,400,0.09736049999999999,0.09462125,0.1003295,0.005708249999999998
Java,500,0.2859265,0.25377025000000003,0.35235525,0.09858499999999998
Java,600,0.46973750000000003,0.42393274999999997,0.49747725,0.07354450000000001
Java,800,1.1252305,0.98069925,1.56808175,0.5873824999999999
Java,1000,2.2082040000000003,2.0352505,2.3413075,0.306057
Python,50,0.032448,0.032243,0.033803,0.0015599999999999989
Python,100,0.258796,0.257097,0.265367,0.00827
Python,200,2.136897,1.850844,2.243577,0.3927330000000002
Python,300,17.406858,10.34622,24.981627,14.635406999999999
Python,400,29.19928,28.645848,30.969115,2.3232669999999978
